[
  {
    "id": 1,
    "nombre": "Laptop Lenovo",
    "precio": 2300,
    "descripcion": "Laptop de alto rendimiento con procesador Intel Core i7.",
    "imagen": "https://via.placeholder.com/200"
  },
  {
    "id": 2,
    "nombre": "Teclado Mecánico",
    "precio": 250,
    "descripcion": "Teclado mecánico RGB para gaming.",
    "imagen": "https://via.placeholder.com/200"
  },
  {
    "id": 3,
    "nombre": "Mouse Gaming",
    "precio": 180,
    "descripcion": "Mouse ergonómico de alta precisión para gaming.",
    "imagen": "https://via.placeholder.com/200"
  }
]